{"cameraMode":{"drawMode":0,"name":"Shaded","section":"Shading Mode"},"sceneLighting":false,"audioPlay":false,"sceneViewState":{"m_AlwaysRefresh":true,"showFog":true,"showSkybox":false,"showFlares":true,"showImageEffects":true,"showParticleSystems":true,"showVisualEffectGraphs":true,"m_FxEnabled":true},"in2DMode":false,"pivot":{"x":-0.9507585167884827,"y":3.854403018951416,"z":11.350751876831055},"rotation":{"x":0.03440693020820618,"y":0.9069790840148926,"z":0.07158853858709336,"w":-0.4136621654033661},"size":0.9549545645713806,"orthographic":false}