{"cameraMode":{"drawMode":0,"name":"Shaded","section":"Shading Mode"},"sceneLighting":false,"audioPlay":false,"sceneViewState":{"m_AlwaysRefresh":true,"showFog":true,"showSkybox":false,"showFlares":true,"showImageEffects":true,"showParticleSystems":true,"showVisualEffectGraphs":true,"m_FxEnabled":true},"in2DMode":false,"pivot":{"x":5.770524978637695,"y":0.6584286689758301,"z":25.824535369873048},"rotation":{"x":-0.06725385040044785,"y":-0.2380078136920929,"z":0.016526205465197564,"w":-0.9687955975532532},"size":9.922691345214844,"orthographic":false}