{"cameraMode":{"drawMode":0,"name":"Shaded","section":"Shading Mode"},"sceneLighting":false,"audioPlay":false,"sceneViewState":{"m_AlwaysRefresh":true,"showFog":true,"showSkybox":false,"showFlares":true,"showImageEffects":true,"showParticleSystems":true,"showVisualEffectGraphs":true,"m_FxEnabled":true},"in2DMode":false,"pivot":{"x":185.68484497070313,"y":93.42996978759766,"z":-17.372039794921876},"rotation":{"x":0.032211702316999438,"y":0.11887656897306442,"z":-0.0019364726031199098,"w":0.992418646812439},"size":36.298072814941409,"orthographic":false}