{"cameraMode":{"drawMode":0,"name":"Shaded","section":"Shading Mode"},"sceneLighting":false,"audioPlay":false,"sceneViewState":{"m_AlwaysRefresh":true,"showFog":true,"showSkybox":false,"showFlares":true,"showImageEffects":true,"showParticleSystems":true,"showVisualEffectGraphs":true,"m_FxEnabled":true},"in2DMode":false,"pivot":{"x":21.24997329711914,"y":20.72113609313965,"z":105.91254425048828},"rotation":{"x":-0.05928937345743179,"y":-0.08080018311738968,"z":-0.0021853751968592407,"w":0.9949712753295898},"size":10.266315460205079,"orthographic":false}