{"cameraMode":{"drawMode":0,"name":"Shaded","section":"Shading Mode"},"sceneLighting":false,"audioPlay":false,"sceneViewState":{"showFog":true,"showMaterialUpdate":true,"showSkybox":false,"showFlares":true,"showImageEffects":true,"showParticleSystems":true},"in2DMode":false,"pivot":{"x":-3.2126240730285646,"y":3.210646629333496,"z":7.819940090179443},"rotation":{"x":0.058610230684280398,"y":0.11236836761236191,"z":-0.004913313779979944,"w":0.9921554327011108},"size":-0.2563675045967102,"orthographic":false}