{"cameraMode":{"drawMode":0,"name":"Shaded","section":"Shading Mode"},"sceneLighting":false,"audioPlay":false,"sceneViewState":{"showFog":true,"showMaterialUpdate":true,"showSkybox":false,"showFlares":true,"showImageEffects":true,"showParticleSystems":true},"in2DMode":false,"pivot":{"x":-2.6806604862213136,"y":3.6253502368927,"z":9.510000228881836},"rotation":{"x":-0.12035096436738968,"y":0.5900484919548035,"z":-0.09164562821388245,"w":-0.7933574318885803},"size":1.4563674926757813,"orthographic":false}