{"cameraMode":{"drawMode":0,"name":"Shaded","section":"Shading Mode"},"sceneLighting":false,"audioPlay":false,"sceneViewState":{"showFog":true,"showMaterialUpdate":true,"showSkybox":false,"showFlares":true,"showImageEffects":true,"showParticleSystems":true},"in2DMode":false,"pivot":{"x":-2.6806604862213136,"y":3.6253502368927,"z":9.510000228881836},"rotation":{"x":-0.08477981388568878,"y":-0.839287519454956,"z":0.13373729586601258,"w":-0.5201345086097717},"size":1.4563674926757813,"orthographic":false}