{"cameraMode":{"drawMode":0,"name":"Shaded","section":"Shading Mode"},"sceneLighting":false,"audioPlay":true,"sceneViewState":{"showFog":false,"showMaterialUpdate":false,"showSkybox":false,"showFlares":false,"showImageEffects":false,"showParticleSystems":false},"in2DMode":false,"pivot":{"x":-5.4603471755981449,"y":3.822442054748535,"z":10.464576721191407},"rotation":{"x":0.0511004775762558,"y":-0.835620641708374,"z":-0.07896184176206589,"w":-0.5412453413009644},"size":1.1269207000732422,"orthographic":false}