{"cameraMode":{"drawMode":0,"name":"Shaded","section":"Shading Mode"},"sceneLighting":true,"audioPlay":false,"sceneViewState":{"showFog":true,"showMaterialUpdate":true,"showSkybox":true,"showFlares":true,"showImageEffects":true,"showParticleSystems":true},"in2DMode":false,"pivot":{"x":-1.9279146194458008,"y":8.809508323669434,"z":-5.6327314376831059},"rotation":{"x":-0.08829691261053086,"y":-0.9122896790504456,"z":0.25934597849845889,"w":-0.3044559359550476},"size":346.5588684082031,"orthographic":false}