{"cameraMode":{"drawMode":0,"name":"Shaded","section":"Shading Mode"},"sceneLighting":false,"audioPlay":false,"sceneViewState":{"showFog":true,"showMaterialUpdate":true,"showSkybox":false,"showFlares":true,"showImageEffects":true,"showParticleSystems":true},"in2DMode":false,"pivot":{"x":-2.6806604862213136,"y":3.6253502368927,"z":9.510000228881836},"rotation":{"x":-0.041147373616695407,"y":-0.5663358569145203,"z":0.02541261538863182,"w":-0.8230423927307129},"size":0.8563675284385681,"orthographic":false}