{"cameraMode":{"drawMode":0,"name":"Shaded","section":"Shading Mode"},"sceneLighting":false,"audioPlay":false,"sceneViewState":{"showFog":true,"showMaterialUpdate":true,"showSkybox":false,"showFlares":true,"showImageEffects":true,"showParticleSystems":true},"in2DMode":false,"pivot":{"x":-4.212507724761963,"y":3.3308136463165285,"z":10.241613388061524},"rotation":{"x":-0.058824922889471057,"y":-0.5402669310569763,"z":-0.03598491847515106,"w":0.838674783706665},"size":2.656367301940918,"orthographic":false}