{"cameraMode":{"drawMode":0,"name":"Shaded","section":"Shading Mode"},"sceneLighting":false,"audioPlay":false,"sceneViewState":{"showFog":true,"showMaterialUpdate":true,"showSkybox":false,"showFlares":true,"showImageEffects":true,"showParticleSystems":true},"in2DMode":false,"pivot":{"x":-2.6806604862213136,"y":3.6253502368927,"z":9.510000228881836},"rotation":{"x":-0.18673621118068696,"y":0.006320776417851448,"z":-0.0028334795497357847,"w":-0.98261559009552},"size":1.4563674926757813,"orthographic":false}