{"cameraMode":{"drawMode":0,"name":"Shaded","section":"Shading Mode"},"sceneLighting":false,"audioPlay":false,"sceneViewState":{"showFog":true,"showMaterialUpdate":true,"showSkybox":false,"showFlares":true,"showImageEffects":true,"showParticleSystems":true},"in2DMode":false,"pivot":{"x":-3.5075972080230715,"y":3.4197888374328615,"z":10.163169860839844},"rotation":{"x":0.0848323404788971,"y":-0.7340076565742493,"z":-0.09635887295007706,"w":-0.6672526001930237},"size":1.7563674449920655,"orthographic":false}