{"cameraMode":{"drawMode":0,"name":"Shaded","section":"Shading Mode"},"sceneLighting":false,"audioPlay":false,"sceneViewState":{"showFog":true,"showMaterialUpdate":true,"showSkybox":false,"showFlares":true,"showImageEffects":true,"showParticleSystems":true},"in2DMode":false,"pivot":{"x":-2.8400442600250246,"y":3.2121074199676515,"z":9.214820861816407},"rotation":{"x":-0.011972115375101567,"y":0.013125366531312466,"z":0.0017637971322983504,"w":0.9998502135276794},"size":0.2563675045967102,"orthographic":false}