{"cameraMode":{"drawMode":0,"name":"Shaded","section":"Shading Mode"},"sceneLighting":false,"audioPlay":false,"sceneViewState":{"showFog":true,"showMaterialUpdate":true,"showSkybox":false,"showFlares":true,"showImageEffects":true,"showParticleSystems":true},"in2DMode":false,"pivot":{"x":-3.7451813220977785,"y":5.283377170562744,"z":4.903097629547119},"rotation":{"x":-0.19458311796188355,"y":-0.16691365838050843,"z":0.03122808039188385,"w":-0.9663225412368774},"size":0.5563675165176392,"orthographic":false}