{"cameraMode":{"drawMode":0,"name":"Shaded","section":"Shading Mode"},"sceneLighting":false,"audioPlay":false,"sceneViewState":{"m_AlwaysRefresh":true,"showFog":true,"showSkybox":false,"showFlares":true,"showImageEffects":true,"showParticleSystems":true,"showVisualEffectGraphs":true,"m_FxEnabled":true},"in2DMode":false,"pivot":{"x":-2.6806604862213136,"y":3.1293463706970217,"z":9.510000228881836},"rotation":{"x":-0.046737734228372577,"y":0.04852490872144699,"z":-0.002269468968734145,"w":-0.9977300763130188},"size":0.8660253882408142,"orthographic":false}